{"cameraMode":{"drawMode":0,"name":"Shaded","section":"Shading Mode"},"sceneLighting":false,"audioPlay":false,"sceneViewState":{"m_AlwaysRefresh":false,"showFog":true,"showSkybox":false,"showFlares":true,"showImageEffects":true,"showParticleSystems":true,"showVisualEffectGraphs":true,"m_FxEnabled":true},"in2DMode":false,"pivot":{"x":-0.33208155632019045,"y":-0.2338848114013672,"z":0.10026416182518006},"rotation":{"x":-0.14386619627475739,"y":0.8526614904403687,"z":-0.3110615909099579,"w":-0.3943542540073395},"size":0.5779335498809815,"orthographic":false}